Team,Total Touchdowns,Rushing Touchdowns,Passing Touchdowns,KR,PR,IR,FR,BK,BP,FGR,PAT,FG,Conv,Saf,Pts,Playoffs
Arizona Cardinals,38,18,20,0,0,0,0,0,0,0,34/35,31/35,3,0,361,0
Atlanta Falcons,42,10,29,0,1,1,1,0,0,0,29/31,32/40,2,0,381,0
Baltimore Ravens,64,21,37,0,0,2,4,0,0,0,57/59,28/29,2,1,531,1
Buffalo Bills,35,13,21,1,0,0,0,0,0,0,30/32,22/28,3,1,314,1
Carolina Panthers,38,20,17,0,0,0,1,0,0,0,31/35,25/32,1,2,340,0
Chicago Bears,30,8,20,1,0,1,0,0,0,0,27/29,23/28,1,1,280,0
Cincinnati Bengals,28,9,18,1,0,0,0,0,0,0,24/25,27/31,2,1,279,0
Cleveland Browns,38,15,22,0,0,1,0,0,0,0,30/35,25/29,1,0,335,0
Dallas Cowboys,49,18,30,0,0,0,1,0,0,0,46/46,30/40,2,0,434,0
Denver Broncos,28,11,16,0,0,0,1,0,0,0,25/26,29/34,1,0,282,0
Detroit Lions,38,7,28,1,1,0,1,0,0,0,35/36,26/31,0,0,341,0
Green Bay Packers,44,18,26,0,0,0,0,0,0,0,40/41,22/24,3,0,376,1
Houston Texans,46,17,27,0,0,2,0,0,0,0,40/45,20/25,1,0,378,1
Indianapolis Colts,42,17,22,0,2,1,0,0,0,0,33/39,22/31,2,2,361,0
Jacksonville Jaguars,29,3,24,0,0,1,1,0,0,0,19/20,33/34,4,0,300,0
Kansas City Chiefs,50,16,30,1,0,1,2,0,0,0,45/48,34/38,1,0,451,1
Los Angeles Chargers,37,12,24,0,1,0,0,0,0,0,35/35,26/34,1,0,337,0
Los Angeles Rams,46,20,22,0,0,2,2,0,0,0,42/42,24/33,1,1,394,0
Miami Dolphins,34,10,22,1,0,1,0,0,0,0,29/30,23/30,1,1,306,0
Minnesota Vikings,47,19,26,0,0,1,1,0,0,0,40/44,27/29,1,1,407,1
New England Patriots,49,17,25,0,0,3,2,0,2,0,39/45,27/34,2,1,420,1
New Orleans Saints,52,12,36,0,1,2,1,0,0,0,48/49,32/36,0,1,458,1
New York Giants,44,11,30,0,0,1,1,0,1,0,35/39,17-Dec,2,1,341,0
New York Jets,31,6,19,0,0,3,2,0,1,0,23/27,19/28,3,2,276,0
Oakland Raiders,37,13,22,0,0,2,0,0,0,0,34/36,19/26,0,0,313,0
Philadelphia Eagles,46,16,27,0,0,1,2,0,0,0,35/37,22/26,4,0,385,1
Pittsburgh Steelers,29,7,18,0,1,1,2,0,0,0,28/28,29/31,0,0,289,0
San Francisco 49ers,56,23,28,0,0,3,2,0,0,0,49/50,30/39,2,0,479,1
Seattle Seahawks,49,15,31,0,0,2,1,0,0,0,40/44,23/28,1,0,405,1
Tampa Bay Buccaneers,54,15,33,0,0,2,4,0,0,0,43/48,27/35,5,0,458,0
Tennessee Titans,54,21,29,0,0,1,2,1,0,0,50/52,18-Aug,1,1,402,1
Washington Redskins,28,9,18,1,0,0,0,0,0,0,21/22,25/30,1,0,266,0
Arizona Cardinals,27,9,15,0,0,0,2,0,1,0,23/24,17-Dec,2,0,225,0
Atlanta Falcons,49,11,36,0,0,1,1,0,0,0,41/43,25/26,2,0,414,0
Baltimore Ravens,41,19,18,0,1,0,3,0,0,0,36/37,35/39,1,0,389,1
Buffalo Bills,29,15,13,0,0,0,1,0,0,0,25/26,22/28,1,1,269,0
Carolina Panthers,46,17,28,0,0,0,1,0,0,0,37/41,19/21,2,0,376,0
Chicago Bears,50,16,28,0,0,5,1,0,0,0,42/45,23/30,4,1,421,1
Cincinnati Bengals,45,13,27,0,0,3,2,0,0,0,39/41,19/23,1,0,368,0
Cleveland Browns,44,15,29,0,0,0,0,0,0,0,28/34,19/25,4,1,359,0
Dallas Cowboys,36,13,22,0,0,0,1,0,0,0,32/33,29/36,2,0,339,1
Denver Broncos,39,18,19,0,0,2,0,0,0,0,35/35,20/25,0,0,329,0
Detroit Lions,35,11,22,0,0,2,0,0,0,0,30/30,28/32,0,0,324,0
Green Bay Packers,41,14,25,0,0,1,0,0,1,0,34/36,30/37,3,0,376,0
Houston Texans,42,12,26,0,0,3,1,0,0,0,39/41,37/42,0,0,402,1
Indianapolis Colts,52,13,39,0,0,0,0,0,0,0,44/47,23/27,4,0,433,1
Jacksonville Jaguars,25,7,15,0,1,2,0,0,0,0,22/23,23/26,0,2,245,0
Kansas City Chiefs,71,16,50,0,1,3,1,0,0,0,65/69,24/27,1,0,565,1
Los Angeles Chargers,51,16,32,0,1,1,1,0,0,0,36/43,24/29,6,0,428,1
Los Angeles Rams,60,23,32,0,0,3,1,0,1,0,51/53,34/41,5,2,527,1
Miami Dolphins,38,7,26,1,1,3,0,0,0,0,35/36,18/20,1,0,319,0
Minnesota Vikings,42,9,30,0,0,1,2,0,0,0,36/37,22/32,3,0,360,0
New England Patriots,51,18,29,1,0,1,1,0,1,0,49/50,27/32,0,0,436,1
New Orleans Saints,60,26,33,0,0,1,0,0,0,0,52/53,28/30,4,0,504,1
New York Giants,39,13,23,0,0,3,0,0,0,0,31/32,32/33,4,0,369,0
New York Jets,34,11,18,1,1,3,0,0,0,0,30/33,33/36,0,0,333,0
Oakland Raiders,30,9,19,0,1,1,0,0,0,0,27/28,27/32,1,0,290,0
Philadelphia Eagles,41,12,29,0,0,0,0,0,0,0,33/35,26/31,5,0,367,1
Pittsburgh Steelers,54,16,35,0,0,2,1,0,0,0,44/49,16/23,4,2,428,0
San Francisco 49ers,35,7,26,1,0,1,0,0,0,0,27/29,33/34,2,1,342,0
Seattle Seahawks,52,15,35,0,0,1,1,0,0,0,48/51,22/27,1,0,428,1
Tampa Bay Buccaneers,49,11,36,0,0,0,2,0,0,0,40/44,20/27,1,0,396,0
Tennessee Titans,34,15,16,1,0,2,0,0,0,0,28/31,26/30,0,0,310,0
Washington Redskins,29,12,16,0,0,0,1,0,0,0,25/26,26/29,2,0,281,0
Arizona Cardinals,29,6,21,0,0,1,1,0,0,0,23/26,32/40,1,0,295,0
Atlanta Falcons,36,12,21,0,0,0,3,0,0,0,35/35,34/39,0,0,353,1
Baltimore Ravens,42,14,20,1,1,3,3,0,0,0,39/39,34/37,1,0,395,0
Buffalo Bills,31,12,16,0,0,1,2,0,0,0,29/29,29/33,0,0,302,1
Carolina Panthers,40,15,22,1,1,0,1,0,0,0,34/37,29/30,1,0,363,1
Chicago Bears,31,13,13,0,2,2,1,0,0,0,26/28,16/22,1,1,264,0
Cincinnati Bengals,34,6,25,0,0,3,0,0,0,0,32/34,18/20,0,0,290,0
Cleveland Browns,27,11,15,0,0,1,0,0,0,0,25/26,15/20,1,0,234,0
Dallas Cowboys,42,18,22,0,1,1,0,0,0,0,36/39,22/29,0,0,354,0
Denver Broncos,31,8,19,0,0,2,2,0,0,0,27/27,24/32,2,0,289,0
Detroit Lions,46,10,29,0,2,3,2,0,0,0,40/41,30/35,2,0,410,0
Green Bay Packers,40,13,25,0,0,1,1,0,0,0,33/35,15/19,1,0,320,0
Houston Texans,40,8,28,0,0,2,2,0,0,0,32/35,20/25,2,1,338,0
Indianapolis Colts,25,11,13,0,0,1,0,0,0,0,22/24,29/34,0,2,263,0
Jacksonville Jaguars,47,18,21,0,1,2,5,0,0,0,37/41,30/35,3,0,417,1
Kansas City Chiefs,42,12,26,0,1,0,3,0,0,0,40/40,41/45,0,0,415,1
Los Angeles Chargers,43,10,28,0,1,2,2,0,0,0,37/42,20/30,0,0,355,0
Los Angeles Rams,51,17,28,1,0,3,0,0,2,0,48/51,40/43,0,2,478,1
Miami Dolphins,31,4,24,0,0,1,2,0,0,0,26/29,21/23,1,2,281,0
Minnesota Vikings,41,15,25,0,0,1,0,0,0,0,34/39,32/38,2,1,382,1
New England Patriots,49,16,32,1,0,0,0,0,0,0,45/47,37/40,2,2,458,1
New Orleans Saints,51,23,23,1,0,2,1,0,1,0,47/50,31/36,1,0,448,1
New York Giants,28,6,20,0,0,2,0,0,0,0,20/23,18/25,1,1,246,0
New York Jets,32,13,19,0,0,0,0,0,0,0,29/29,25/30,1,0,298,0
Oakland Raiders,36,13,23,0,0,0,0,0,0,0,33/34,16/21,2,0,301,0
Philadelphia Eagles,53,9,38,0,0,1,5,0,0,0,40/44,29/34,6,0,457,1
Pittsburgh Steelers,43,12,29,1,0,0,0,0,1,0,37/39,35/38,2,1,406,1
San Francisco 49ers,31,15,15,0,0,1,0,0,0,0,28/30,39/41,0,0,331,0
Seattle Seahawks,43,4,34,1,0,3,1,0,0,0,37/38,21/29,2,2,366,0
Tampa Bay Buccaneers,38,8,26,0,0,1,3,0,0,0,28/31,25/34,2,0,335,0
Tennessee Titans,33,18,14,0,0,0,1,0,0,0,31/33,35/42,0,0,334,1
Washington Redskins,39,10,27,0,0,2,0,0,0,0,36/39,24/28,0,0,342,0
Arizona Cardinals,51,20,28,0,0,2,1,0,0,0,43/47,21/28,1,2,418,0
Atlanta Falcons,63,20,38,0,0,3,2,0,0,0,56/57,34/37,2,0,540,1
Baltimore Ravens,32,10,20,0,0,0,1,0,1,0,27/27,38/39,4,0,343,0
Buffalo Bills,49,29,17,0,0,1,2,0,0,0,40/45,19/25,4,0,399,0
Carolina Panthers,40,16,21,0,0,1,2,0,0,0,31/34,30/38,3,1,369,0
Chicago Bears,32,10,19,0,1,1,1,0,0,0,31/32,18/23,0,1,279,0
Cincinnati Bengals,35,17,18,0,0,0,0,0,0,0,29/35,28/35,0,1,325,0
Cleveland Browns,29,13,15,0,0,1,0,0,0,0,23/25,21/27,2,0,264,0
Dallas Cowboys,49,24,25,0,0,0,0,0,0,0,46/46,27/32,0,0,421,1
Denver Broncos,35,11,20,0,0,3,1,0,0,0,32/33,29/34,1,0,333,0
Detroit Lions,36,9,24,0,2,1,0,0,0,0,31/33,31/36,1,2,346,1
Green Bay Packers,51,11,40,0,0,0,0,0,0,0,44/47,26/30,2,0,432,1
Houston Texans,25,8,15,0,1,1,0,0,0,0,22/25,35/41,0,1,279,1
Indianapolis Colts,47,13,32,1,0,0,1,0,0,0,44/44,27/31,2,0,411,0
Jacksonville Jaguars,34,8,24,1,0,1,0,0,0,0,29/32,27/34,2,0,318,0
Kansas City Chiefs,42,15,19,1,2,4,1,0,0,0,36/39,31/35,2,1,389,1
Los Angeles Rams,24,9,14,0,0,0,1,0,0,0,23/23,19/22,0,0,224,0
Miami Dolphins,45,14,27,1,1,1,0,0,1,0,41/42,16/21,1,0,363,1
Minnesota Vikings,36,9,20,1,2,2,2,0,0,0,26/33,27/31,1,1,327,0
New England Patriots,51,19,32,0,0,0,0,0,0,0,46/49,27/32,1,3,441,1
New Orleans Saints,55,17,38,0,0,0,0,0,0,0,49/50,28/34,2,1,469,0
New York Giants,36,6,26,0,0,1,2,1,0,0,31/35,21/22,0,0,310,1
New York Jets,28,10,16,0,0,0,1,0,0,0,24/26,27/31,1,0,275,0
Oakland Raiders,47,17,29,0,0,1,0,0,0,0,37/39,29/35,5,0,416,1
Philadelphia Eagles,37,16,16,2,0,3,0,0,0,0,30/31,35/41,4,1,367,0
Pittsburgh Steelers,47,13,33,0,0,0,1,0,0,0,37/37,24/28,3,1,399,1
San Diego Chargers,48,10,33,0,0,3,2,0,0,0,42/46,26/32,0,1,410,0
San Francisco 49ers,36,15,21,0,0,0,0,0,0,0,33/34,18/21,2,1,309,0
Seattle Seahawks,37,13,23,0,0,0,1,0,0,0,29/35,33/37,1,1,354,1
Tampa Bay Buccaneers,41,8,29,0,0,4,0,0,0,0,32/34,22/31,4,1,354,0
Tennessee Titans,46,16,29,0,0,0,1,0,0,0,39/41,22/24,0,0,381,0
Washington Redskins,43,17,25,0,1,0,0,0,0,0,36/39,34/42,0,0,396,0
